Date,Close,Open,High,Low,Volume,Change
26/05/2022,32638.44,32263.33,32773.26,32263.33,33895000000,0.02
25/05/2022,32121.53,31816.31,32254.29,31754.33,33313000000,0.01
24/05/2022,31931.06,31717.61,32014.86,31367.33,37385000000,0.00
23/05/2022,31880.64,31497.56,31968.42,31484.02,38926000000,0.02
20/05/2022,31260.58,31426.94,31514.07,30635.76,47903000000,0.00
19/05/2022,31253.26,31262.62,31567.57,31018.06,50376000000,-0.01
18/05/2022,31493.56,32468.67,32468.67,31394.68,44396000000,-0.04
17/05/2022,32655.05,32609.54,32687.62,32310.2,37608000000,0.01
16/05/2022,32224.01,32152.15,32513.25,31932.06,31586000000,0.00
13/05/2022,32195.94,31976.4,32275.82,31862.79,37410000000,0.01
12/5/2022,31730.04,31699.04,31907.7,31231.27,52590000000,0.00
11/5/2022,31834.37,32123.24,32584.02,31799.54,43375000000,-0.01
10/5/2022,32160.74,32504.09,32752.17,31887.89,44067000000,0.00
9/5/2022,32245.7,32685.17,32685.17,32121.98,47511000000,-0.02
6/5/2022,32899.37,32773.88,33055.84,32474.69,41814000000,0.00
5/5/2022,32997.97,33854.17,33854.17,32685.1,44842000000,-0.03
4/5/2022,34061.06,33171.8,34117.74,33021.84,41237000000,0.03
3/5/2022,33128.79,33086.09,33341.58,32914.75,36442000000,0.00
2/5/2022,33061.5,32978.49,33224.95,32449.87,45339000000,0.00
29/04/2022,32977.21,33787.01,33919.59,32913.15,50156000000,-0.03
28/04/2022,33916.39,33425.96,34054.79,33248.46,45160000000,0.02
27/04/2022,33301.93,33450.92,33697.18,33108.89,45629000000,0.00
26/04/2022,33240.18,33907.49,33909.51,33230.95,40370000000,-0.02
25/04/2022,34049.46,33731.65,34106.01,33323.37,41800000000,0.01
22/04/2022,33811.4,34727.38,34727.38,33773.39,37328000000,-0.03
21/04/2022,34792.76,35258.8,35492.22,34723.82,37192000000,-0.01
20/04/2022,35160.79,34962.67,35315.4,34962.67,33874000000,0.01
19/04/2022,34911.2,34394.62,34983.11,34394.62,30344000000,0.01
18/04/2022,34411.69,34411.49,34618.29,34279.08,26882000000,0.00
14/04/2022,34451.23,34628.46,34889.17,34437.5,35368000000,0.00
13/04/2022,34564.59,34166.64,34598.36,34140.64,31363000000,0.01
12/4/2022,34220.36,34412.51,34669.97,34102.81,33351000000,0.00
11/4/2022,34308.08,34630.27,34701.34,34272.29,33663000000,-0.01
8/4/2022,34721.12,34569.24,34908.46,34470.19,30619000000,0.00
7/4/2022,34583.57,34439.24,34705.83,34190.95,32481000000,0.00
6/4/2022,34496.51,34520.34,34609.84,34277.17,38625000000,0.00
5/4/2022,34641.18,34876.33,35112.21,34566.04,30898000000,-0.01
4/4/2022,34921.88,34799.98,34940.78,34615.38,31756000000,0.00
1/4/2022,34818.27,34740.89,34847.91,34538.25,34681000000,0.00
31/03/2022,34678.35,35201.52,35201.52,34677.99,43836000000,-0.02
30/03/2022,35228.81,35273.63,35361.36,35058.58,32467000000,0.00
29/03/2022,35294.19,35114.35,35372.26,35030.07,35505000000,0.01
28/03/2022,34955.89,34833.03,34957.93,34552.23,30286000000,0.00
25/03/2022,34861.24,34702.39,34942.7,34631.52,28707000000,0.00
24/03/2022,34707.94,34406.81,34713.56,34355.42,32487000000,0.01
23/03/2022,34358.5,34748.84,34748.84,34352.96,34959000000,-0.01
22/03/2022,34807.46,34583.24,34882.03,34583.24,36855000000,0.01
21/03/2022,34552.99,34669.85,34808.28,34341.81,40849000000,-0.01
18/03/2022,34754.93,34466.72,34755.2,34279.83,62789000000,0.01
17/03/2022,34480.76,33995.39,34483.92,33896.06,33947000000,0.01
16/03/2022,34063.1,33653.93,34075.94,33391.24,43018000000,0.02
15/03/2022,33544.34,32989.27,33620.84,32989.27,39482000000,0.02
14/03/2022,32945.24,33000.37,33395.59,32818.16,40115000000,0.00
11/3/2022,32944.19,33279.72,33515.61,32911.89,36948000000,-0.01
10/3/2022,33174.07,33106.77,33236.59,32819.76,39948000000,0.00
9/3/2022,33286.25,32860.42,33457.28,32860.42,42155000000,0.02
8/3/2022,32632.64,32885.17,33402.98,32578.73,55375000000,-0.01
7/3/2022,32817.38,33579.75,33579.75,32806.15,49367000000,-0.02
4/3/2022,33614.8,33655.43,33655.43,33254.12,41293000000,-0.01
3/3/2022,33794.66,33972.87,34179.07,33641.53,36987000000,0.00
2/3/2022,33891.35,33379.51,34013.67,33379.51,40281000000,0.02
1/3/2022,33294.95,33813.48,33870.14,33107.67,44231000000,-0.02
28/02/2022,33892.6,33870.62,33963.63,33469.31,45181000000,0.00
25/02/2022,34058.75,33277.22,34095.74,33277.22,42117000000,0.03
24/02/2022,33223.83,32830.33,33269.34,32272.64,59319000000,0.00
23/02/2022,33131.76,33680.97,33832.59,33084.9,37649000000,-0.01
22/02/2022,33596.61,33974.09,34024.74,33364.29,43832000000,-0.01
18/02/2022,34079.18,34310.45,34423.58,33976.18,41408000000,-0.01
17/02/2022,34312.03,34858.47,34858.47,34246.23,35185000000,-0.02
16/02/2022,34934.27,34951.83,35042.09,34642.64,30936000000,0.00
15/02/2022,34988.84,34686.19,35047.79,34686.19,30567000000,0.01
14/02/2022,34566.17,34694.5,34744.56,34304.28,37341000000,0.00
11/2/2022,34738.06,35267.89,35431.15,34620.52,41040000000,-0.01
10/2/2022,35241.59,35630.81,35800.24,35100.72,41671000000,-0.01
9/2/2022,35768.06,35614.9,35824.28,35614.9,33961000000,0.01
8/2/2022,35462.78,35160.68,35544.89,35090.42,33394000000,0.01
7/2/2022,35091.13,35108.38,35325.01,34993.98,32891000000,0.00
4/2/2022,35089.74,35095.74,35333.55,34799.08,34988000000,0.00
3/2/2022,35111.16,35520.08,35535.94,35071.06,39018000000,-0.01
2/2/2022,35629.33,35378.19,35679.2,35290.12,36406000000,0.01
1/2/2022,35405.24,35151.47,35441.09,34977.95,39490000000,0.01
31/01/2022,35131.86,34691.17,35148.14,34496.1,47444000000,0.01
28/01/2022,34725.47,34135.24,34731.77,33807.51,56844000000,0.02
27/01/2022,34160.78,34261.75,34773.32,34007.78,52778000000,0.00
26/01/2022,34168.09,34520.82,34815.67,33876.48,54931000000,0.00
25/01/2022,34297.73,34186.64,34591.04,33545.52,52219000000,0.00
24/01/2022,34364.5,34070.61,34420.99,33150.33,67812000000,0.00
21/01/2022,34265.37,34701.69,34896.67,34229.55,52388000000,-0.01
20/01/2022,34715.39,35102.66,35490.2,34670.12,36907000000,-0.01
19/01/2022,35028.65,35412.3,35547.83,35015.49,39308000000,-0.01
18/01/2022,35368.47,35661.76,35661.76,35262.02,42726000000,-0.02
14/01/2022,35911.81,35996.43,35996.43,35641.49,39647000000,-0.01
13/01/2022,36113.62,36312.49,36513.88,36044.22,34974000000,0.00
12/1/2022,36290.32,36336.16,36453.49,36168.15,31786000000,0.00
11/1/2022,36252.02,36058.85,36271.47,35769.38,36319000000,0.01
10/1/2022,36068.87,36175.21,36175.21,35639.91,44030000000,0.00
7/1/2022,36231.66,36249.59,36382.84,36111.53,36142000000,0.00
6/1/2022,36236.47,36409.05,36464.19,36200.68,39019000000,0.00
5/1/2022,36407.11,36722.6,36952.65,36400.39,46846000000,-0.01
4/1/2022,36799.65,36636,36934.84,36636,43508000000,0.01
3/1/2022,36585.06,36321.59,36595.82,36246.45,34793000000,0.01
31/12/2021,36338.3,36385.85,36484.94,36303.97,21821000000,0.00
30/12/2021,36398.08,36522.48,36679.44,36372.13,20764000000,0.00
29/12/2021,36488.63,36421.14,36571.55,36396.19,21440000000,0.00
28/12/2021,36398.21,36302.99,36527.26,36302.99,23909000000,0.00
27/12/2021,36302.38,35954.48,36306.61,35954.48,25026000000,0.01
23/12/2021,35950.56,35782.42,36060.99,35782.42,25094000000,0.01
22/12/2021,35753.89,35491.71,35764.67,35433.13,29073000000,0.01
21/12/2021,35492.7,35069.5,35508.96,35069.5,34967000000,0.02
20/12/2021,34932.16,35222.12,35222.12,34665.5,38889000000,-0.01
17/12/2021,35365.44,35800.11,35800.11,35284.26,76083000000,-0.01
16/12/2021,35897.64,36036.28,36189.83,35778.21,48277000000,0.00
15/12/2021,35927.43,35549.35,35943.84,35389.3,43238000000,0.01
14/12/2021,35544.18,35605.73,35779.47,35441.74,45123000000,0.00
13/12/2021,35650.95,35958.93,35958.93,35609.53,45159000000,-0.01
10/12/2021,35970.99,35830.55,35982.69,35710.43,36120000000,0.01
9/12/2021,35754.69,35722.26,35864.24,35577.14,35302000000,0.00
8/12/2021,35754.75,35716.85,35840.52,35602.65,38765000000,0.00
7/12/2021,35719.43,35423.99,35819.47,35423.99,48289000000,0.01
6/12/2021,35227.03,34633.43,35356.75,34633.43,41875000000,0.02
3/12/2021,34580.08,34692.78,34801.31,34264.57,44485000000,0.00
2/12/2021,34639.79,34076.25,34759.65,34076.25,47058000000,0.02
1/12/2021,34022.04,34678.94,35004.64,34006.98,49838000000,-0.01
30/11/2021,34483.72,35056.99,35056.99,34424.44,67880000000,-0.02
29/11/2021,35135.94,35017.71,35287.91,34895.89,41604000000,0.01
26/11/2021,34899.34,35366.69,35366.69,34749.8,32539000000,-0.03
24/11/2021,35804.38,35752.31,35825.47,35591.03,28794000000,0.00
23/11/2021,35813.8,35619.92,35841.52,35542.87,39252000000,0.01
22/11/2021,35619.25,35631.41,35929.66,35615.55,42081000000,0.00
19/11/2021,35601.98,35879.09,35879.09,35555.37,41465000000,-0.01
18/11/2021,35870.95,35901.69,35952.63,35654.39,43508000000,0.00
17/11/2021,35931.05,36159.7,36159.7,35909.48,35831000000,-0.01
16/11/2021,36142.22,36076.18,36316.61,36076.18,31190000000,0.00
15/11/2021,36087.45,36128.83,36236.07,36031.78,28066000000,0.00
12/11/2021,36100.31,35963.78,36147.63,35934.59,29318000000,0.01
11/11/2021,35921.23,36038.78,36108.17,35915.27,27032000000,0.00
10/11/2021,36079.94,36299.25,36346.61,36009.5,28352000000,-0.01
9/11/2021,36319.98,36404.53,36416.98,36173.07,25802000000,0.00
8/11/2021,36432.22,36416.46,36565.73,36334.42,28840000000,0.00
5/11/2021,36327.95,36268.75,36484.75,36190.2,34460000000,0.01
4/11/2021,36124.23,36107.46,36168.03,35986.48,30999000000,0.00
3/11/2021,36157.58,36059.09,36178.51,35891.73,26254000000,0.00
2/11/2021,36052.63,35935.11,36088.81,35884.13,30451000000,0.00
1/11/2021,35913.84,35833.65,36009.74,35797.97,29548000000,0.00
29/10/2021,35819.56,35712.28,35852.53,35633.2,40799000000,0.00
28/10/2021,35730.48,35545.41,35742.25,35545.41,34843000000,0.01
27/10/2021,35490.69,35835.43,35835.43,35490.43,35808000000,-0.01
26/10/2021,35756.88,35791.05,35892.92,35734.73,32191000000,0.00
25/10/2021,35741.15,35692.62,35787.04,35629.37,27041000000,0.00
22/10/2021,35677.02,35607.72,35765.02,35533.95,34908000000,0.00
21/10/2021,35603.08,35520.32,35612.36,35442.53,30212000000,0.00
20/10/2021,35609.34,35475.16,35669.69,35465.71,26733000000,0.00
19/10/2021,35457.31,35325.37,35462.68,35290.12,28126000000,0.01
18/10/2021,35258.61,35221.02,35327.57,35035.94,32309000000,0.00
15/10/2021,35294.76,35023.63,35320.97,35023.63,32787000000,0.01
14/10/2021,34912.56,34443.22,34923.83,34443.22,33854000000,0.02
13/10/2021,34377.81,34372.71,34449.83,34115.1,31945000000,0.00
12/10/2021,34378.34,34507.15,34611.24,34318.94,32203000000,0.00
11/10/2021,34496.06,34723.79,34951.35,34486.51,25682000000,-0.01
8/10/2021,34746.25,34757.57,34842.62,34661.95,23808000000,0.00
7/10/2021,34754.94,34509.72,34975.19,34509.72,27705000000,0.01
6/10/2021,34416.99,34198.96,34432.68,33854.69,32337000000,0.00
5/10/2021,34314.67,34035.25,34490.95,34035.25,31243000000,0.01
4/10/2021,34002.92,34312.96,34410.28,33821.58,40019000000,-0.01
1/10/2021,34326.46,33930.7,34490.56,33785.54,42916000000,0.01
30/09/2021,33843.92,34467.98,34557.37,33833.32,35620000000,-0.02
29/09/2021,34390.72,34360.08,34580.42,34305.96,29104000000,0.00
28/09/2021,34299.99,34747.7,34798.21,34254.65,38022000000,-0.02
27/09/2021,34869.37,34739.27,35061.12,34739.27,29280000000,0.00
24/09/2021,34798,34762.31,34857.06,34648.08,25658000000,0.00
23/09/2021,34764.82,34296.3,34879.78,34296.3,28587000000,0.01
22/09/2021,34258.32,34006.87,34440.42,34006.87,30008000000,0.01
21/09/2021,33919.84,34025.61,34313.88,33914.02,30798000000,0.00
20/09/2021,33970.47,34459.72,34459.72,33613.03,44165000000,-0.02
17/09/2021,34584.88,34737.86,34779.86,34519.63,57797000000,0.00
16/09/2021,34751.32,34810.27,34943.55,34540.11,27931000000,0.00
15/09/2021,34814.39,34580.95,34880.77,34522.03,32498000000,0.01
14/09/2021,34577.57,34906.9,34990.36,34510.3,32918000000,-0.01
13/09/2021,34869.63,34665.5,34939.1,34665.5,33419000000,0.01
10/9/2021,34607.72,34949.59,35104.25,34599.61,33323000000,-0.01
9/9/2021,34879.38,35013.08,35199.89,34847.3,26238000000,0.00
8/9/2021,35031.07,35087.45,35175.15,34925.61,26188000000,0.00
7/9/2021,35100,35373.24,35373.24,35060.9,29073000000,-0.01
3/9/2021,35369.09,35401.73,35422.71,35269.4,22339000000,0.00
2/9/2021,35443.82,35353.06,35475.4,35348.48,26518000000,0.00
1/9/2021,35312.53,35387.55,35407.37,35287.05,26657000000,0.00
31/08/2021,35360.73,35391.38,35449.79,35289.86,33724000000,0.00
30/08/2021,35399.84,35471.8,35510.71,35374.46,24681000000,0.00
27/08/2021,35455.8,35231.11,35479.18,35231.11,24214000000,0.01
26/08/2021,35213.12,35449.68,35498.45,35205.1,23993000000,-0.01
25/08/2021,35405.5,35388.77,35501.14,35287.63,23971000000,0.00
24/08/2021,35366.26,35382.72,35445.47,35356.18,23048000000,0.00
23/08/2021,35335.71,35160.97,35428.91,35160.97,25096000000,0.01
20/08/2021,35120.08,34917.96,35177.26,34867.07,26955000000,0.01
19/08/2021,34894.12,34874.67,34997.81,34690.25,33505000000,0.00
18/08/2021,34960.69,35310.2,35356.8,34943.41,29106000000,-0.01
17/08/2021,35343.28,35500.01,35500.01,35120.31,31015000000,-0.01
16/08/2021,35625.4,35490.83,35631.19,35231.87,29401000000,0.00
13/08/2021,35515.38,35551.56,35610.57,35474.78,23868000000,0.00
12/8/2021,35499.85,35481.94,35510.77,35352.53,23616000000,0.00
11/8/2021,35484.97,35300.89,35501.16,35300.89,23304000000,0.01
10/8/2021,35264.67,35135.17,35285.16,35091.91,25524000000,0.00
9/8/2021,35101.85,35229.67,35229.67,35041.24,20785000000,0.00
6/8/2021,35208.51,35077.44,35246.79,35077.44,23157000000,0.00
5/8/2021,35064.25,34815.61,35067.54,34815.61,21739000000,0.01
4/8/2021,34792.67,35047.44,35047.44,34790.62,24530000000,-0.01
3/8/2021,35116.4,34864.1,35120.94,34714.33,25982000000,0.01
2/8/2021,34838.16,34968.56,35192.11,34808.2,24489000000,0.00
30/07/2021,34935.47,35013.26,35106.3,34871.13,28114000000,0.00
29/07/2021,35084.53,34985.99,35171.52,34985.99,22367000000,0.00
28/07/2021,34930.93,35109.95,35116.37,34876.84,34717000000,0.00
27/07/2021,35058.52,35078.9,35078.9,34878.07,33525000000,0.00
26/07/2021,35144.31,35055.86,35150.37,34950.19,26480000000,0.00
23/07/2021,35061.55,34855.11,35095.33,34855.11,31506000000,0.01
22/07/2021,34823.35,34799.68,34879.28,34673.03,29465000000,0.00
21/07/2021,34798,34556.96,34820.24,34556.96,32719000000,0.01
20/07/2021,34511.99,33981.79,34621.79,33981.79,38808000000,0.02
19/07/2021,33962.04,34528.48,34528.48,33741.76,45016000000,-0.02
16/07/2021,34687.85,35007.94,35090.01,34647.82,32898000000,-0.01
15/07/2021,34987.02,34924.81,34990.41,34762.87,32045000000,0.00
14/07/2021,34933.23,34920.83,35069.18,34826.87,34866000000,0.00
13/07/2021,34888.79,34959.96,35018.79,34876.89,32368000000,0.00
12/7/2021,34996.18,34836.75,35014.9,34730.15,30228000000,0.00
9/7/2021,34870.16,34457.51,34893.72,34457.51,30175000000,0.01
8/7/2021,34421.93,34569.01,34569.01,34145.59,33576000000,-0.01
7/7/2021,34681.79,34604.17,34708.78,34435.59,30538000000,0.00
6/7/2021,34577.37,34790.16,34814.2,34358.42,34843000000,-0.01
2/7/2021,34786.35,34642.42,34821.93,34613.49,30306000000,0.00
1/7/2021,34633.53,34507.32,34640.28,34498.85,26931000000,0.00
30/06/2021,34502.51,34290.74,34553.16,34245.48,29863000000,0.01
29/06/2021,34292.29,34338.89,34469.83,34266.83,28865000000,0.00
28/06/2021,34283.27,34428.1,34449.65,34186.13,28129000000,0.00
25/06/2021,34433.84,34328.1,34501.02,34314.8,45603000000,0.01
24/06/2021,34196.82,33933.91,34233.02,33933.91,27938000000,0.01
23/06/2021,33874.24,33948.54,34009.4,33869.83,25705000000,0.00
22/06/2021,33945.58,33872.56,34040.7,33751.06,28533000000,0.00
21/06/2021,33876.97,33312.07,33908.09,33312.07,32444000000,0.02
18/06/2021,33290.08,33622.7,33622.7,33271.93,56938000000,-0.02
17/06/2021,33823.45,34014.38,34091.79,33626.61,35592000000,-0.01
16/06/2021,34033.67,34308.48,34333.25,33917.11,34803000000,-0.01
15/06/2021,34299.33,34397.1,34420.38,34199.16,27413000000,0.00
14/06/2021,34393.75,34472.52,34472.52,34211.54,30255000000,0.00
11/6/2021,34479.6,34499.81,34618.09,34328.65,26262000000,0.00
10/6/2021,34466.24,34502.51,34737.79,34447.25,31088000000,0.00
9/6/2021,34447.14,34626.16,34654.67,34439.37,24654000000,0.00
8/6/2021,34599.82,34645.84,34665.38,34452.94,29609000000,0.00
7/6/2021,34630.24,34766.2,34820.91,34574.51,25944000000,0.00
4/6/2021,34756.39,34618.69,34772.12,34618.69,27156000000,0.01
3/6/2021,34577.04,34550.31,34667.41,34334.41,29974000000,0.00
2/6/2021,34600.38,34614.62,34706.65,34545.96,26516000000,0.00
1/6/2021,34575.31,34584.19,34849.32,34542.87,29479000000,0.00
28/05/2021,34529.45,34558.5,34631.11,34520.09,29085000000,0.00
27/05/2021,34464.64,34432.47,34608.82,34389.24,52063000000,0.00
26/05/2021,34323.05,34336.34,34409.59,34271.44,25981000000,0.00
25/05/2021,34312.46,34428.66,34511.35,34266.03,28995000000,0.00
24/05/2021,34393.98,34253.87,34472.51,34253.87,25181000000,0.01
21/05/2021,34207.84,34121.91,34415.48,34121.91,30884000000,0.00
20/05/2021,34084.15,33906.3,34233.4,33872.41,32440000000,0.01
19/05/2021,33896.04,33945.81,33945.81,33473.8,35400000000,0.00
18/05/2021,34060.66,34351.18,34408.99,34044.1,30178000000,-0.01
17/05/2021,34327.79,34375.29,34383.84,34176.65,29336000000,0.00
14/05/2021,34382.13,34050.86,34454.05,34050.86,30738000000,0.01
13/05/2021,34021.45,33624.74,34181.77,33623.49,35281000000,0.01
12/5/2021,33587.66,34206.4,34207.87,33555.22,38358000000,-0.02
11/5/2021,34269.16,34572.74,34572.74,34075.31,41318000000,-0.01
10/5/2021,34742.82,34785.27,35091.56,34741.57,37004000000,0.00
7/5/2021,34777.76,34578.27,34811.39,34464.31,31163000000,0.01
6/5/2021,34548.53,34245.11,34561.29,34185.06,31712000000,0.01
5/5/2021,34230.34,34163.99,34331.2,34039.66,25581000000,0.00
4/5/2021,34133.03,34080.2,34147.78,33765.68,41017000000,0.00
3/5/2021,34113.23,33904.89,34221.06,33904.89,29134000000,0.01
30/04/2021,33874.85,33988.75,33988.75,33784.96,37611000000,-0.01
29/04/2021,34060.36,33855.64,34087.21,33744.28,40960000000,0.01
28/04/2021,33820.38,33860.46,33946.6,33805.56,35302000000,0.00
27/04/2021,33984.93,33932.13,34043.98,33870.46,29495000000,0.00
26/04/2021,33981.57,34044.23,34148.94,33941.37,28541000000,0.00
23/04/2021,34043.49,33804.52,34157.57,33713.29,34967000000,0.01
22/04/2021,33815.9,34109.88,34126.57,33717.19,34658000000,-0.01
21/04/2021,34137.31,33808.3,34160.34,33773.8,29351000000,0.01
20/04/2021,33821.3,34034.18,34034.18,33687.01,35420000000,-0.01
19/04/2021,34077.63,34182.38,34182.38,33980.56,31562000000,0.00
16/04/2021,34200.67,34058.16,34256.75,34058.16,34818000000,0.00
15/04/2021,34035.99,33788.53,34068.73,33788.53,32183000000,0.01
14/04/2021,33730.89,33668.95,33911.25,33668.95,31867000000,0.00
13/04/2021,33677.27,33721.16,33741.64,33545.84,33000000000,0.00
12/4/2021,33745.4,33775.06,33786.19,33665.54,32902000000,0.00
9/4/2021,33800.6,33526.19,33810.87,33526.19,31782000000,0.01
8/4/2021,33503.57,33469.89,33506.8,33342.64,30619000000,0.00
7/4/2021,33446.26,33444.98,33521.76,33347.96,27988000000,0.00
6/4/2021,33430.24,33500.02,33544.79,33380.43,29831000000,0.00
5/4/2021,33527.19,33222.38,33617.95,33222.38,34515000000,0.01
1/4/2021,33153.21,33054.58,33167.17,32985.35,31834000000,0.01
31/03/2021,32981.55,33116.04,33173.77,32980.57,41864000000,0.00
30/03/2021,33066.96,33127.88,33170.93,32988.92,30957000000,0.00
29/03/2021,33171.37,33087.55,33259,32905.13,35161000000,0.00
26/03/2021,33072.88,32681.07,33098.83,32681.07,38345000000,0.01
25/03/2021,32619.48,32346.81,32672.69,32071.41,41349000000,0.01
24/03/2021,32420.06,32470.88,32787.99,32418.15,40506000000,0.00
23/03/2021,32423.15,32691.5,32753.77,32356.28,38813000000,-0.01
22/03/2021,32731.2,32601.82,32810.35,32512.53,38432000000,0.00
19/03/2021,32627.97,32858.36,32858.36,32505.07,84702000000,-0.01
18/03/2021,32862.3,32928.16,33227.78,32831.25,42102000000,0.00
17/03/2021,33015.37,32825.52,33047.58,32782.18,39181000000,0.01
16/03/2021,32825.95,32966.75,32966.75,32778.23,38791000000,0.00
15/03/2021,32953.46,32798.84,32973.4,32629.75,36208000000,0.01
12/3/2021,32778.64,32462.4,32793.32,32462.4,34829000000,0.01
11/3/2021,32485.59,32354.5,32661.59,32345.7,40240000000,0.01
10/3/2021,32297.02,31906.96,32389.5,31906.96,41023000000,0.01
9/3/2021,31832.74,31892.35,32150.32,31822.64,46374000000,0.00
8/3/2021,31802.44,31512.15,32148.04,31512.15,49958000000,0.01
5/3/2021,31496.3,31029.18,31580.33,30766.81,50535000000,0.02
4/3/2021,30924.14,31289.01,31461.97,30547.53,55123000000,-0.01
3/3/2021,31270.09,31352.96,31563.31,31260.14,41161000000,0.00
2/3/2021,31391.52,31535.37,31623.27,31377.16,34128000000,0.00
1/3/2021,31535.51,31065.9,31668.34,31065.9,38758000000,0.02
26/02/2021,30932.37,31401.29,31450.89,30911.37,53891000000,-0.02
25/02/2021,31402.01,31955.94,31984.77,31293.32,45896000000,-0.02
24/02/2021,31961.86,31499.75,32009.64,31421.29,41335000000,0.01
23/02/2021,31537.35,31501.89,31653.38,31158.76,46192000000,0.00
22/02/2021,31521.69,31381.12,31653.48,31286.57,38968000000,0.00
19/02/2021,31494.32,31504.13,31647.53,31469.34,35307000000,0.00
18/02/2021,31493.34,31558.6,31558.6,31285.32,32599000000,0.00
17/02/2021,31613.02,31485.61,31643.7,31338.76,34586000000,0.00
16/02/2021,31522.75,31472.08,31608.63,31443.48,33699000000,0.00
12/2/2021,31458.4,31420.8,31475.31,31347.8,26637000000,0.00
11/2/2021,31430.7,31466.49,31543.82,31244.36,28468000000,0.00
10/2/2021,31437.8,31428.02,31511.44,31221.32,32839000000,0.00
9/2/2021,31375.83,31359.88,31439.47,31245.86,31014000000,0.00
8/2/2021,31385.76,31191.2,31386.1,31191.2,32841000000,0.01
5/2/2021,31148.24,31093.81,31252.18,31083.22,29500000000,0.00
4/2/2021,31055.86,30737.78,31065.96,30737.78,34149000000,0.01
3/2/2021,30723.6,30689.65,30793.41,30521.31,30731000000,0.00
2/2/2021,30687.48,30276.88,30840.54,30276.88,33817000000,0.02
1/2/2021,30211.91,30054.73,30335.91,30014.97,35024000000,0.01
29/01/2021,29982.62,30553.91,30553.91,29856.3,53804000000,-0.02
28/01/2021,30603.36,30377.19,30951.41,30377.19,46734000000,0.01
27/01/2021,30303.17,30893.78,30893.78,30206.91,56647000000,-0.02
26/01/2021,30937.04,30968.55,31121.42,30921.71,38187000000,0.00
25/01/2021,30960,30989.85,30989.85,30564.06,47735000000,0.00
22/01/2021,30996.98,31141.56,31141.56,30908.47,43604000000,-0.01
21/01/2021,31176.01,31198.01,31272.22,31120.92,42315000000,0.00
20/01/2021,31188.38,31017.54,31235.98,30997.79,38498000000,0.01
19/01/2021,30930.52,30887.42,31086.62,30865.03,38775000000,0.00
15/01/2021,30814.26,30926.77,30941.98,30612.67,44002000000,-0.01
14/01/2021,30991.52,31085.67,31223.78,30982.24,42970000000,0.00
13/01/2021,31060.47,31084.88,31153.37,30992.05,41514000000,0.00
12/1/2021,31068.69,31015.01,31114.56,30888.76,36287000000,0.00
11/1/2021,31008.69,31015.37,31096.98,30832.06,36379000000,0.00
8/1/2021,31097.97,31069.58,31140.67,30793.27,38565000000,0.00
7/1/2021,31041.13,30901.18,31193.4,30897.86,43062000000,0.01
6/1/2021,30829.4,30362.78,31022.65,30313.07,50043000000,0.01
5/1/2021,30391.6,30204.25,30504.89,30141.78,35091000000,0.01
4/1/2021,30223.89,30627.47,30674.28,29881.82,47673000000,-0.01
31/12/2020,30606.48,30417.64,30637.47,30344.5,28706000000,0.01
30/12/2020,30409.56,30415.09,30525.35,30393.04,29614000000,0.00
29/12/2020,30335.67,30492.07,30588.79,30274.24,35887000000,0.00
28/12/2020,30403.97,30283.23,30525.56,30283.23,30308000000,0.01
24/12/2020,30199.87,30155.92,30209.67,30099.3,14644000000,0.00
23/12/2020,30129.83,30046.73,30292.53,30046.73,27538000000,0.00
22/12/2020,30015.51,30200.2,30200.2,29992.89,39252000000,-0.01
21/12/2020,30216.45,30159,30304.14,29755.53,44569000000,0.00
18/12/2020,30179.05,30314.26,30343.59,30029.44,79823000000,0.00
17/12/2020,30303.37,30216,30323.78,30216,34553000000,0.00
16/12/2020,30154.54,30191.38,30236.03,30080.11,34954000000,0.00
15/12/2020,30199.31,29919.09,30243.26,29894.95,41948000000,0.01
14/12/2020,29861.55,30123.91,30325.79,29849.15,37198000000,-0.01
11/12/2020,30046.37,29988.21,30071.13,29820.84,39601000000,0.00
10/12/2020,29999.26,30032.55,30063.87,29876.82,32693000000,0.00
9/12/2020,30068.81,30229.81,30319.7,29951.85,38374000000,0.00
8/12/2020,30173.88,29997.95,30246.22,29972.07,31483000000,0.00
7/12/2020,30069.79,30233.03,30233.03,29967.22,37058000000,0.00
4/12/2020,30218.26,29989.56,30218.26,29989.56,36309000000,0.01
3/12/2020,29969.52,29920.83,30110.88,29877.27,40841000000,0.00
2/12/2020,29883.79,29695.09,29902.51,29599.29,38933000000,0.00
1/12/2020,29823.92,29797.5,30083.31,29797.5,43544000000,0.01
30/11/2020,29638.64,29854.51,29854.51,29463.64,56121000000,-0.01
27/11/2020,29910.37,29911.33,30015.13,29819.98,17810000000,0.00
25/11/2020,29872.47,30058.87,30058.87,29806.25,32419000000,-0.01
24/11/2020,30046.24,29746.11,30116.51,29746.11,43645000000,0.02
23/11/2020,29591.27,29332.82,29667.75,29332.82,38902000000,0.01
20/11/2020,29263.48,29437.57,29469.89,29231.2,30874000000,-0.01
19/11/2020,29483.23,29370.92,29524.9,29228.38,33316000000,0.00
18/11/2020,29438.42,29875.4,29930.85,29432.84,38489000000,-0.01
17/11/2020,29783.35,29800.15,29872.42,29520.29,37614000000,-0.01
16/11/2020,29950.44,29672.36,29964.29,29672.36,42076000000,0.02
13/11/2020,29479.81,29203.9,29559.25,29203.9,34881000000,0.01
12/11/2020,29080.17,29231.91,29311.83,28902.13,37287000000,-0.01
11/11/2020,29397.63,29524.35,29593.11,29281.22,37670000000,0.00
10/11/2020,29420.92,29254.17,29478.86,29126.99,52698000000,0.01
9/11/2020,29157.97,29467.9,29933.83,29130.66,68057000000,0.03
6/11/2020,28323.4,28399.13,28431.96,28189.5,32858000000,0.00
5/11/2020,28390.18,28083.37,28495.05,28083.37,39173000000,0.02
4/11/2020,27847.66,27512.83,28301.5,27512.83,44989000000,0.01
3/11/2020,27480.03,27138.69,27640.21,27138.69,35335000000,0.02
2/11/2020,26925.05,26691.28,27043.48,26691.28,38227000000,0.02
30/10/2020,26501.6,26572.27,26639.18,26143.77,50632000000,-0.01
29/10/2020,26659.11,26480.98,26891.89,26290.78,43401000000,0.01
28/10/2020,26519.95,27102.14,27102.14,26497.39,49963000000,-0.03
27/10/2020,27463.19,27651.18,27707.69,27457.96,37248000000,-0.01
26/10/2020,27685.38,28185.82,28185.82,27370.16,40704000000,-0.02
23/10/2020,28335.57,28409.65,28436.52,28149.82,35010000000,0.00
22/10/2020,28363.66,28197.42,28421.31,28040.18,33439000000,0.01
21/10/2020,28210.82,28270.66,28450.64,28196.39,30111000000,0.00
20/10/2020,28308.79,28245.85,28575.03,28243.04,35145000000,0.00
19/10/2020,28195.42,28633.55,28711.93,28139.4,36092000000,-0.01
16/10/2020,28606.31,28570.72,28842.9,28570.72,35895000000,0.00
15/10/2020,28494.2,28323.4,28535.85,28181.54,33013000000,0.00
14/10/2020,28514,28731.3,28792.56,28461.73,37248000000,-0.01
13/10/2020,28679.81,28764.95,28808.84,28604.35,52827000000,-0.01
12/10/2020,28837.52,28671.12,28957.9,28659.67,49368000000,0.01
9/10/2020,28586.9,28533.61,28676.29,28440.63,32648000000,0.01
8/10/2020,28425.51,28348.86,28459.13,28265.56,31583000000,0.00
7/10/2020,28303.46,27971.36,28369.66,27971.36,33019000000,0.02
6/10/2020,27772.76,28214.24,28354.48,27728.03,43844000000,-0.01
5/10/2020,28148.64,27825.42,28162.64,27825.42,32253000000,0.02
2/10/2020,27682.81,27536.39,27861.43,27382.94,39582000000,0.00
1/10/2020,27816.9,27940.63,28041.46,27669.26,37565000000,0.00
30/09/2020,27781.7,27514.64,28026.33,27511.06,45515000000,0.01
29/09/2020,27452.66,27560.24,27605.6,27338.09,30670000000,0.00
28/09/2020,27584.06,27362.14,27722.6,27362.14,40506000000,0.02
25/09/2020,27173.96,26694.51,27239.29,26635.38,39173000000,0.01
24/09/2020,26815.44,26716.09,27094.85,26537.01,44878000000,0.00
23/09/2020,26763.13,27413.6,27464.46,26716.12,46320000000,-0.02
22/09/2020,27288.18,27170.34,27333.09,26989.93,42333000000,0.01
21/09/2020,27147.7,27484.71,27484.71,26715.15,52366000000,-0.02
18/09/2020,27657.42,27864.87,27946.69,27487.97,70389000000,-0.01
17/09/2020,27901.98,27834.18,28056.79,27647.93,43989000000,0.00
16/09/2020,28032.38,28031.69,28364.77,28021.67,41665000000,0.00
15/09/2020,27995.6,28139.76,28231.06,27931.45,41889000000,0.00
14/09/2020,27993.33,27718.74,28086.06,27718.74,38409000000,0.01
11/9/2020,27665.64,27613.86,27828.82,27448.15,43753000000,0.00
10/9/2020,27534.58,28022.51,28174.78,27447.08,44759000000,-0.01
9/9/2020,27940.47,27711.71,28206.21,27704.54,46706000000,0.02
8/9/2020,27500.89,27925.23,27925.23,27464.9,58716000000,-0.02
4/9/2020,28133.31,28341.05,28539.75,27664.68,70049000000,-0.01
3/9/2020,28292.73,29090.7,29199.35,28074.76,65829000000,-0.03
2/9/2020,29100.5,28736.79,29162.88,28713.53,54254000000,0.02
1/9/2020,28645.66,28439.61,28659.26,28290.72,42866000000,0.01
31/08/2020,28430.05,28643.66,28643.66,28363.55,51982000000,-0.01
28/08/2020,28653.87,28601.29,28733.35,28487.98,37380000000,0.01
27/08/2020,28492.27,28384.07,28634.22,28363.93,40509000000,0.01
26/08/2020,28331.92,28257.88,28353.8,28153.91,32880000000,0.00
25/08/2020,28248.44,28347.42,28400.74,28094.57,34113000000,0.00
24/08/2020,28308.46,28077.58,28314.94,28041.75,38544000000,0.01
21/08/2020,27930.33,27758.13,27959.48,27686.78,37434000000,0.01
20/08/2020,27739.73,27622.68,27781.46,27526.25,30605000000,0.00
19/08/2020,27692.88,27811.26,27920.42,27647.67,31295000000,0.00
18/08/2020,27778.07,27853.48,27891.12,27668.79,27712000000,0.00
17/08/2020,27844.91,27970.05,27999.81,27816.4,29199000000,0.00
14/08/2020,27931.02,27828.93,27977.81,27759.39,27673000000,0.00
13/08/2020,27896.72,27922.51,27986.1,27789.78,36441000000,0.00
12/8/2020,27976.84,27860.24,28043.89,27843.32,34207000000,0.01
11/8/2020,27686.91,27961.64,28154.88,27624.51,43009000000,0.00
10/8/2020,27791.44,27488.21,27803.86,27488.21,36250000000,0.01
7/8/2020,27433.48,27321.68,27456.24,27223.55,32493000000,0.00
6/8/2020,27386.98,27170.82,27394.1,27145.25,32372000000,0.01
5/8/2020,27201.52,26924.78,27221.67,26924.78,36998000000,0.01
4/8/2020,26828.47,26664.61,26832.72,26597.82,35546000000,0.01
3/8/2020,26664.4,26542.32,26707.26,26534.38,43938000000,0.01
31/07/2020,26428.32,26409.33,26440.02,26013.59,49137000000,0.00
30/07/2020,26313.65,26367.42,26374.93,25992.28,35829000000,-0.01
29/07/2020,26539.57,26388.44,26602.45,26375.39,34758000000,0.01
28/07/2020,26379.28,26529.45,26556.84,26361.71,36240000000,-0.01
27/07/2020,26584.77,26447.67,26625.46,26426.92,40093000000,0.00
24/07/2020,26469.89,26533.41,26625.7,26402.86,49797000000,-0.01
23/07/2020,26652.33,26955.97,26973.85,26560.04,42656000000,-0.01
22/07/2020,27005.84,26824.56,27035.24,26794.19,41082000000,0.01
21/07/2020,26840.4,26833.14,27025.38,26766.22,36724000000,0.01
20/07/2020,26680.87,26660.29,26765.02,26504.2,31207000000,0.00
17/07/2020,26671.95,26774.62,26808.43,26619.88,30052000000,0.00
16/07/2020,26734.71,26746.57,26879.16,26590.01,28804000000,-0.01
15/07/2020,26870.1,27009.81,27071.33,26692.48,38826000000,0.01
14/07/2020,26642.59,26044.17,26690.52,25994.98,40734000000,0.02
13/07/2020,26085.8,26225.07,26639.09,26044.23,42857000000,0.00
10/7/2020,26075.3,25690.35,26101.32,25637.5,33736000000,0.01
9/7/2020,25706.09,26094.92,26103.28,25523.51,38918000000,-0.01
8/7/2020,26067.28,25950.06,26109.49,25816.25,33730000000,0.01
7/7/2020,25890.18,26172.01,26174.93,25866.58,34900000000,-0.02
6/7/2020,26287.03,25996.08,26297.53,25996.08,34226000000,0.02
2/7/2020,25827.36,25936.45,26204.41,25778.12,35029000000,0.00
1/7/2020,25734.97,25879.38,26019.31,25713.61,37398000000,0.00
30/06/2020,25812.88,25512.43,25905.38,25475.14,41269000000,0.01
29/06/2020,25595.8,25152.45,25601.15,25096.16,38513000000,0.02
26/06/2020,25015.55,25641.69,25641.69,24971.03,67618000000,-0.03
25/06/2020,25745.6,25365.22,25769.61,25209.79,38807000000,0.01
24/06/2020,25445.94,25992.96,25992.96,25296.73,45253000000,-0.03
23/06/2020,26156.1,26159.39,26314.97,26105.97,39216000000,0.01
22/06/2020,26024.96,25865.08,26059.81,25667.68,35301000000,0.01
19/06/2020,25871.46,26213.1,26451.44,25759.66,68189000000,-0.01
18/06/2020,26080.1,26016.45,26154.2,25848.53,33007000000,0.00
17/06/2020,26119.61,26330.52,26400.07,26068.41,33057000000,-0.01
16/06/2020,26289.98,26326.68,26611.03,25811.7,49336000000,0.02
15/06/2020,25763.16,25270.39,25891.58,24843.18,46313000000,0.01
12/6/2020,25605.54,25659.42,25965.55,25078.41,52119000000,0.02
11/6/2020,25128.17,26282.51,26294.08,25082.72,65147000000,-0.07
10/6/2020,26989.99,27251.89,27355.22,26938.05,44999000000,-0.01
9/6/2020,27272.3,27447.37,27447.37,27151.06,38825000000,-0.01
8/6/2020,27572.44,27232.93,27580.21,27232.48,43334000000,0.02
5/6/2020,27110.98,26836.8,27338.3,26836.8,54441000000,0.03
4/6/2020,26281.82,26226.49,26384.1,26082.31,37555000000,0.00
3/6/2020,26269.89,25906.88,26337.75,25906.88,40127000000,0.02
2/6/2020,25742.65,25582.52,25743.13,25523.74,35524000000,0.01
1/6/2020,25475.02,25342.99,25508.83,25220.66,34122000000,0.00
29/05/2020,25383.11,25324.15,25482.8,25031.67,54514000000,0.00
28/05/2020,25400.64,25697.36,25758.79,25358.73,37840000000,-0.01
27/05/2020,25548.27,25298.63,25551.56,25009.87,42036000000,0.02
26/05/2020,24995.11,24781.84,25176.42,24781.84,42629000000,0.02
22/05/2020,24465.16,24461.98,24481.64,24294.07,25566000000,0.00
21/05/2020,24474.12,24564.27,24718.46,24370.88,34884000000,0.00
20/05/2020,24575.9,24455.94,24649.48,24455.94,37193000000,0.02
19/05/2020,24206.86,24577.48,24599.5,24202.96,37692000000,-0.02
18/05/2020,24597.37,24059.98,24708.54,24059.98,48419000000,0.04
15/05/2020,23685.42,23454.83,23730.08,23354.15,49518000000,0.00
14/05/2020,23625.34,23049.06,23630.86,22789.62,47698000000,0.02
13/05/2020,23247.97,23702.16,23708.9,23067.64,47332000000,-0.02
12/5/2020,23764.78,24292.84,24382.09,23761.58,36156000000,-0.02
11/5/2020,24221.99,24256.45,24366.21,24070.22,35651000000,0.00
8/5/2020,24331.32,24107.82,24349.9,24107.05,33734000000,0.02
7/5/2020,23875.89,23837.21,24094.62,23834.39,37168000000,0.01
6/5/2020,23664.64,23978.88,24054.59,23661.14,37991000000,-0.01
5/5/2020,23883.09,23958.88,24169.72,23868.91,37449000000,0.01
4/5/2020,23749.76,23581.55,23769.56,23361.16,35839000000,0.00
1/5/2020,23723.69,24120.78,24120.78,23645.3,42159000000,-0.03
30/04/2020,24345.72,24585.57,24585.57,24186.9,48784000000,-0.01
29/04/2020,24633.86,24490.37,24764.77,24453.99,46248000000,0.02
28/04/2020,24101.55,24357.17,24512.24,24031.2,40571000000,0.00
27/04/2020,24133.78,23866.15,24207.65,23840.61,39102000000,0.02
24/04/2020,23775.27,23628.24,23826,23417.68,37931000000,0.01
23/04/2020,23515.26,23543.09,23885.36,23483.35,39357000000,0.00
22/04/2020,23475.82,23437.34,23613.1,23339.6,35639000000,0.02
21/04/2020,23018.88,23365.25,23365.25,22941.88,48765000000,-0.03
20/04/2020,23650.44,24095.1,24108.69,23627.19,42735000000,-0.02
17/04/2020,24242.49,23817.15,24264.21,23817.15,53028000000,0.03
16/04/2020,23537.68,23543.66,23598.08,23211.38,47862000000,0.00
15/04/2020,23504.35,23600.72,23649.72,23233.32,44215000000,-0.02
14/04/2020,23949.76,23690.57,24040.58,23683.44,48796000000,0.02
13/04/2020,23390.77,23698.93,23698.93,23095.35,39656000000,-0.01
9/4/2020,23719.37,23690.66,24008.99,23504.09,56872000000,0.01
8/4/2020,23433.57,22893.47,23513.4,22682.99,47609000000,0.03
7/4/2020,22653.86,23537.44,23617.24,22634.45,59587000000,0.00
6/4/2020,22679.99,21693.63,22783.45,21693.63,61420000000,0.08
3/4/2020,21052.53,21285.93,21447.81,20863.09,45162000000,-0.02
2/4/2020,21413.44,20819.46,21477.77,20735.02,53467000000,0.02
1/4/2020,20943.51,21227.38,21487.24,20784.43,50831000000,-0.04
31/03/2020,21917.16,22208.42,22480.37,21852.08,57359000000,-0.02
30/03/2020,22327.48,21678.22,22378.09,21522.08,54685000000,0.03
27/03/2020,21636.78,21898.47,22327.57,21469.27,59133000000,-0.04
26/03/2020,22552.17,21468.38,22595.06,21427.1,71373000000,0.06
25/03/2020,21200.55,21050.34,22019.93,20538.34,80331000000,0.02
24/03/2020,20704.91,19722.19,20737.7,19649.25,80847000000,0.11
23/03/2020,18591.93,19028.36,19121.01,18213.65,80124000000,-0.03
20/03/2020,19173.98,20253.15,20531.26,19094.27,87229000000,-0.05
19/03/2020,20087.19,19830.01,20442.63,19177.13,79580000000,0.01
18/03/2020,19898.92,20188.69,20489.33,18917.46,87409000000,-0.06
17/03/2020,21237.38,20487.05,21379.35,19882.26,79584000000,0.05
16/03/2020,20188.52,20917.53,21768.28,20116.46,77591000000,-0.13
13/03/2020,23185.62,21973.82,23189.76,21285.37,84308000000,0.09
12/3/2020,21200.62,22184.71,22837.95,21154.46,91177000000,-0.10
11/3/2020,23553.22,24604.63,24604.63,23328.32,66396000000,-0.06
10/3/2020,25018.16,24453,25020.99,23690.34,65486000000,0.05
9/3/2020,23851.02,24992.36,24992.36,23706.07,75043000000,-0.08
6/3/2020,25864.78,25457.21,25994.38,25226.62,60101000000,-0.01
5/3/2020,26121.28,26671.92,26671.92,25943.33,47737000000,-0.04
4/3/2020,27090.86,26383.68,27102.34,26286.31,45759000000,0.05
3/3/2020,25917.41,26762.47,27084.59,25706.28,64708000000,-0.03
2/3/2020,26703.32,25590.51,26706.17,25391.96,63720000000,0.05
28/02/2020,25409.36,25270.83,25494.24,24681.01,92268000000,-0.01
27/02/2020,25766.64,26526,26775.31,25752.82,67037000000,-0.04
26/02/2020,26957.59,27159.46,27542.78,26890.97,47757000000,0.00
25/02/2020,27081.36,28037.65,28149.2,26997.62,51327000000,-0.03
24/02/2020,27960.8,28402.93,28402.93,27912.44,45871000000,-0.04
21/02/2020,28992.41,29146.53,29146.53,28892.7,31344000000,-0.01
20/02/2020,29219.98,29296.25,29368.45,28959.65,28907000000,0.00
19/02/2020,29348.03,29312.7,29409.09,29274.38,24265000000,0.00
18/02/2020,29232.19,29282.78,29330.16,29116.81,26416000000,-0.01
14/02/2020,29398.08,29440.47,29463.04,29283.18,23255000000,0.00
13/02/2020,29423.31,29436.03,29535.4,29345.93,29436000000,0.00
12/2/2020,29551.42,29406.75,29568.57,29406.75,30953000000,0.01
11/2/2020,29276.34,29390.71,29415.39,29210.47,28185000000,0.00
10/2/2020,29276.82,28995.66,29278.07,28995.66,25746000000,0.01
7/2/2020,29102.51,29286.92,29286.92,29056.98,25387000000,-0.01
6/2/2020,29379.77,29388.58,29408.05,29246.93,26370000000,0.00
5/2/2020,29290.85,29048.73,29308.89,29000.85,35754000000,0.02
4/2/2020,28807.63,28696.74,28904.88,28696.74,33275000000,0.01
3/2/2020,28399.81,28319.65,28630.39,28319.65,31550000000,0.01
31/01/2020,28256.03,28813.04,28813.04,28169.53,40389000000,-0.02
30/01/2020,28859.44,28640.16,28879.71,28489.76,32685000000,0.00
29/01/2020,28734.45,28820.53,28944.24,28728.19,30593000000,0.00
28/01/2020,28722.85,28594.28,28823.23,28575.75,35294000000,0.01
27/01/2020,28535.8,28542.49,28671.79,28440.47,33727000000,-0.02
24/01/2020,28989.73,29230.39,29288.79,28843.31,38001000000,-0.01
23/01/2020,29160.09,29111.02,29190.47,28966.98,30706000000,0.00
22/01/2020,29186.27,29263.63,29320.2,29172.26,28344000000,0.00
21/01/2020,29196.04,29269.05,29341.21,29146.47,32064000000,-0.01
17/01/2020,29348.1,29313.31,29373.62,29289.91,33687000000,0.00
16/01/2020,29297.64,29131.95,29300.32,29131.95,25211000000,0.01
15/01/2020,29030.22,28901.8,29127.59,28897.35,26343000000,0.00
14/01/2020,28939.67,28895.5,29054.16,28872.27,29604000000,0.00
13/01/2020,28907.05,28869.01,28909.91,28819.43,26302000000,0.00
10/1/2020,28823.77,28977.52,29009.07,28789.1,23917000000,0.00
9/1/2020,28956.9,28851.97,28988.01,28844.31,28285000000,0.01
8/1/2020,28745.09,28556.14,28866.18,28522.51,29643000000,0.01
7/1/2020,28583.68,28639.18,28685.5,28565.28,26668000000,0.00
6/1/2020,28703.38,28465.5,28708.02,28418.63,26181000000,0.00
3/1/2020,28634.88,28553.33,28716.31,28500.36,23959000000,-0.01
2/1/2020,28868.8,28638.97,28872.8,28627.77,25429000000,0.01
31/12/2019,28538.44,28414.64,28547.35,28376.49,19334000000,0.00
30/12/2019,28462.14,28654.76,28664.69,28428.98,18507000000,-0.01
27/12/2019,28645.26,28675.34,28701.66,28608.98,18493000000,0.00
26/12/2019,28621.39,28539.46,28624.1,28535.15,15597000000,0.00
24/12/2019,28515.45,28572.57,28576.8,28503.21,9529000000,0.00
23/12/2019,28551.53,28491.78,28582.49,28491.78,23347000000,0.00
20/12/2019,28455.09,28608.64,28608.64,28445.6,60378000000,0.00
19/12/2019,28376.96,28278.31,28381.48,28278.24,26257000000,0.00
18/12/2019,28239.28,28291.44,28323.25,28239.28,28989000000,0.00
17/12/2019,28267.16,28221.75,28328.63,28220.56,28677000000,0.00
16/12/2019,28235.89,28191.67,28337.49,28191.67,28677000000,0.00
13/12/2019,28135.38,28123.64,28290.73,28028.32,25481000000,0.00
12/12/2019,28132.05,27898.34,28224.95,27859.87,27774000000,0.01
11/12/2019,27911.3,27867.31,27925.5,27801.8,22170000000,0.00
10/12/2019,27881.72,27900.65,27949.02,27804,21581000000,0.00
9/12/2019,27909.6,27987.05,28010.42,27906.14,21907000000,0.00
6/12/2019,28015.06,27839.68,28035.85,27839.68,22483000000,0.01
5/12/2019,27677.79,27736.05,27745.2,27562.8,21999000000,0.00
4/12/2019,27649.78,27634.63,27727.45,27612.08,21820000000,0.01
3/12/2019,27502.81,27501.98,27524.74,27325.13,27535000000,-0.01
2/12/2019,27783.04,28109.74,28109.84,27782.35,23661000000,-0.01
29/11/2019,28051.41,28103.16,28119.51,28042.53,12262000000,0.00
27/11/2019,28164,28156.47,28174.97,28075.23,19821000000,0.00
26/11/2019,28121.68,28080.75,28146.02,28042.21,32980000000,0.00
25/11/2019,28066.47,27917.77,28068.69,27917.77,24842000000,0.01
22/11/2019,27875.62,27831.23,27898.46,27773.98,21858000000,0.00
21/11/2019,27766.29,27820.28,27828.33,27708.34,23202000000,0.00
20/11/2019,27821.09,27879.55,27897.28,27675.28,26024000000,0.00
19/11/2019,27934.02,28079.76,28090.21,27894.52,25662000000,0.00
18/11/2019,28036.22,27993.22,28040.97,27969.24,25232000000,0.00
15/11/2019,28004.89,27843.54,28004.89,27843.54,28891000000,0.01
14/11/2019,27781.96,27757.2,27800.71,27676.97,30397000000,0.00
13/11/2019,27783.59,27622.04,27806.4,27587.2,27839000000,0.00
12/11/2019,27691.49,27701.59,27770.86,27635.32,21367000000,0.00
11/11/2019,27691.49,27580.66,27714.39,27517.67,20462000000,0.00
8/11/2019,27681.24,27686.2,27694.95,27578.97,22279000000,0.00
7/11/2019,27674.8,27590.16,27774.67,27590.16,26358000000,0.01
6/11/2019,27492.56,27502.74,27526.05,27407.81,24319000000,0.00
5/11/2019,27492.63,27500.23,27560.36,27453.55,29396000000,0.00
4/11/2019,27462.11,27402.06,27517.58,27402.06,27303000000,0.00
1/11/2019,27347.36,27142.95,27347.43,27142.95,27207000000,0.01
31/10/2019,27046.23,27188.37,27188.37,26918.29,27383000000,-0.01
30/10/2019,27186.69,27110.71,27204.36,26999.64,23175000000,0.00
29/10/2019,27071.42,27061.07,27165.94,27039.76,26961000000,0.00
28/10/2019,27090.72,27040.33,27167.88,27028.71,29077000000,0.00
25/10/2019,26958.06,26789.61,27015.37,26765.68,27461000000,0.01
24/10/2019,26805.53,26893.93,26931.78,26714.34,25964000000,0.00
23/10/2019,26833.95,26835.24,26896.89,26745,24768000000,0.00
22/10/2019,26788.1,26850.43,26946.64,26782.61,26551000000,0.00
21/10/2019,26827.64,26852.67,26852.67,26747.62,24103000000,0.00
18/10/2019,26770.2,27004.49,27018.25,26770.13,29361000000,-0.01
17/10/2019,27025.88,27032.38,27112.16,26970.29,22506000000,0.00
16/10/2019,27001.98,26972.31,27058.34,26943.29,21824000000,0.00
15/10/2019,27024.8,26811.2,27120.11,26811.2,24748000000,0.01
14/10/2019,26787.36,26766.43,26874.33,26749.18,17862000000,0.00
11/10/2019,26816.59,26694.2,27013.97,26694.2,28353000000,0.01
10/10/2019,26496.67,26317.35,26603.31,26314.51,21768000000,0.01
9/10/2019,26346.01,26308.23,26424.31,26249.75,19175000000,0.01
8/10/2019,26164.04,26276.59,26421.81,26139.8,25142000000,-0.01
7/10/2019,26478.02,26502.33,26655.84,26424.54,19751000000,0.00
4/10/2019,26573.72,26271.7,26590.74,26271.7,22449000000,0.01
3/10/2019,26201.04,26039.02,26205.2,25743.46,24902000000,0.00
2/10/2019,26078.62,26425.86,26438.04,25974.12,31273000000,-0.02
1/10/2019,26573.04,26962.54,27046.21,26562.22,27218000000,-0.01
30/09/2019,26916.83,26852.33,26998.86,26852.33,22848000000,0.00
27/09/2019,26820.25,26987.26,27012.54,26715.82,21778000000,0.00
26/09/2019,26891.12,27004.11,27015.07,26803.84,23080000000,0.00
25/09/2019,26970.71,26866.71,27016.56,26755.86,23722000000,0.01
24/09/2019,26807.77,27034.07,27079.68,26704.96,30743000000,-0.01
23/09/2019,26949.99,26851.45,27011.07,26831.34,21483000000,0.00
20/09/2019,26935.07,27102.18,27194.75,26926.68,51257000000,-0.01
19/09/2019,27094.79,27186.05,27272.17,27064.21,21644000000,0.00
18/09/2019,27147.08,27075.39,27161.93,26899.15,21286000000,0.00
17/09/2019,27110.8,27010.12,27110.8,26984.14,22358000000,0.00
16/09/2019,27076.82,27146.06,27172.87,27032.56,22062000000,-0.01
13/09/2019,27219.52,27216.67,27277.55,27193.95,25526000000,0.00
12/9/2019,27182.45,27197.32,27306.73,27105.01,25465000000,0.00
11/9/2019,27137.04,26928.05,27137.04,26885.48,27259000000,0.01
10/9/2019,26909.43,26805.83,26909.43,26717.05,32234000000,0.00
9/9/2019,26835.51,26866.23,26900.83,26762.18,27312000000,0.00
6/9/2019,26797.46,26790.25,26860.87,26708.39,20970000000,0.00
5/9/2019,26728.15,26603.15,26836.3,26603.15,25667000000,0.01
4/9/2019,26355.47,26301.99,26362.35,26244.44,20271000000,0.01
3/9/2019,26118.02,26198.26,26198.26,25978.22,22321000000,-0.01
30/08/2019,26403.28,26476.39,26514.62,26295.59,21908000000,0.00
29/08/2019,26362.25,26249.09,26408.84,26185.71,21219000000,0.01
28/08/2019,26036.1,25712.99,26041.57,25637.43,20707000000,0.01
27/08/2019,25777.9,26014.46,26054.02,25721.85,26353000000,0.00
26/08/2019,25898.83,25826.05,25941.25,25716.39,22278000000,0.01
23/08/2019,25628.9,26134.21,26320.29,25507.18,36426000000,-0.02
22/08/2019,26252.24,26271.64,26388.78,26099.01,22281000000,0.00
21/08/2019,26202.73,26145.36,26268.32,26141.77,20879000000,0.01
20/08/2019,25962.44,26086.86,26160.12,25952,23810000000,-0.01
19/08/2019,26135.79,26020.06,26222.32,26020.06,25264000000,0.01
16/08/2019,25886.01,25678.17,25929.65,25678.17,27621000000,0.01
15/08/2019,25579.39,25514.25,25639.69,25339.6,33580000000,0.00
14/08/2019,25479.42,26035.08,26035.08,25471.59,35700000000,-0.03
13/08/2019,26279.91,25888.88,26426.97,25833.25,30961000000,0.01
12/8/2019,25907.37,26169.91,26178.95,25824.94,20058000000,-0.01
9/8/2019,26287.44,26337.09,26413.36,26097.64,24193000000,0.00
8/8/2019,26378.19,26086.52,26383.61,26038.1,28359000000,0.01
7/8/2019,26007.07,25814.22,26073.21,25440.39,35009000000,0.00
6/8/2019,26029.52,25810.62,26038.68,25710.87,32297000000,0.01
5/8/2019,25717.74,26259.23,26259.23,25523.38,42337000000,-0.03
2/8/2019,26485.01,26528.66,26570.02,26249.22,33572000000,0.00
1/8/2019,26583.42,26879.86,27175.59,26548.71,39049000000,-0.01
31/07/2019,26864.27,27244.67,27281.65,26719.6,38900000000,-0.01
30/07/2019,27198.02,27145.39,27224.36,27069.86,29325000000,0.00
29/07/2019,27221.35,27192.24,27275.85,27178.06,25932000000,0.00
26/07/2019,27192.45,27166,27213.7,27123.25,24320000000,0.00
25/07/2019,27140.98,27247.39,27298.43,27062.48,24402000000,0.00
24/07/2019,27269.97,27262.24,27291.04,27191.12,24588000000,0.00
23/07/2019,27349.19,27231.86,27368.81,27204.58,25080000000,0.01
22/07/2019,27171.9,27174.18,27227.77,27088.9,22695000000,0.00
19/07/2019,27154.2,27246.38,27342.96,27145.78,28769000000,0.00
18/07/2019,27222.97,27191.98,27266.81,27068.79,21882000000,0.00
17/07/2019,27219.85,27320.91,27343.06,27218.38,19678000000,0.00
16/07/2019,27335.63,27349.32,27398.68,27290.24,22600000000,0.00
15/07/2019,27359.16,27364.69,27364.69,27294.17,19973000000,0.00
12/7/2019,27332.03,27139.49,27333.79,27135.45,24839000000,0.01
11/7/2019,27088.08,26950.16,27088.45,26916.32,25230000000,0.01
10/7/2019,26860.2,26851.96,26983.45,26813.11,20799000000,0.00
9/7/2019,26783.49,26725.12,26807.7,26665.57,21833000000,0.00
8/7/2019,26806.14,26835.64,26839.14,26744.87,21429000000,0.00
5/7/2019,26922.12,26867.75,26950.81,26733.33,19217000000,0.00
3/7/2019,26966,26832.32,26966,26831.44,14984000000,0.01
2/7/2019,26786.68,26719.53,26787.56,26632.65,21927000000,0.00
1/7/2019,26717.43,26805.86,26890.64,26616.21,28535000000,0.00
28/06/2019,26599.96,26605.93,26638.35,26522.27,49935000000,0.00
27/06/2019,26526.58,26523.72,26607.24,26465.32,24693000000,0.00
26/06/2019,26536.82,26599.42,26660.04,26536.33,27434000000,0.00
25/06/2019,26548.22,26731.61,26752.31,26527.66,28216000000,-0.01
24/06/2019,26727.54,26727.61,26806.52,26723.37,23239000000,0.00
21/06/2019,26719.13,26749.12,26907.37,26705.87,48556000000,0.00
20/06/2019,26753.17,26665.38,26798.63,26539.69,27817000000,0.01
19/06/2019,26504,26490.16,26569.75,26415.05,24095000000,0.00
18/06/2019,26465.54,26228.88,26527.19,26227.76,27349000000,0.01
17/06/2019,26112.53,26108.53,26165.78,26049.8,19950000000,0.00
14/06/2019,26089.61,26076.36,26162.28,25988.09,20802000000,0.00
13/06/2019,26106.77,26036.94,26146.91,25995.71,21340000000,0.00
12/6/2019,26004.83,26040.3,26082.1,25958.66,22369000000,0.00
11/6/2019,26048.51,26180.59,26248.67,25998.87,25349000000,0.00
10/6/2019,26062.68,26090.22,26210.61,26054.31,24928000000,0.00
7/6/2019,25983.94,25768.72,26072.75,25768.72,26301000000,0.01
6/6/2019,25720.66,25567.45,25800.3,25518.05,24807000000,0.01
5/6/2019,25539.57,25451,25544.66,25373.58,26266000000,0.01
4/6/2019,25332.18,24962.82,25343.77,24962.82,28169000000,0.02
3/6/2019,24819.78,24830.16,24935.21,24680.57,32824000000,0.00
31/05/2019,24815.04,25046.31,25046.31,24809.51,29223000000,-0.01
30/05/2019,25169.88,25139.94,25218.54,25066.75,21524000000,0.00
29/05/2019,25126.41,25231.46,25231.46,24938.24,29893000000,-0.01
28/05/2019,25347.77,25616.55,25717.63,25342.28,36485000000,-0.01
24/05/2019,25585.69,25551.07,25670.81,25496.2,20137000000,0.00
23/05/2019,25490.47,25657.99,25657.99,25328.09,31694000000,-0.01
22/05/2019,25776.61,25818.46,25878.21,25755.11,24176000000,0.00
21/05/2019,25877.33,25782.34,25898.27,25779.61,26087000000,0.01
20/05/2019,25679.9,25655.31,25751.71,25560.55,27956000000,0.00
17/05/2019,25764,25719.95,25948.74,25657.78,28376000000,0.00
16/05/2019,25862.68,25692.14,25957.63,25692.14,32096000000,0.01
15/05/2019,25648.02,25400.13,25724.89,25341.94,27072000000,0.00
14/05/2019,25532.05,25384.03,25688.96,25384.03,29157000000,0.01
13/05/2019,25324.99,25568.06,25568.06,25222.51,36124000000,-0.02
10/5/2019,25942.37,25763.72,26019.32,25469.86,29458000000,0.00
9/5/2019,25828.36,25878.85,25884.89,25517.39,33476000000,-0.01
8/5/2019,25967.33,25933.79,26118.1,25889.41,27642000000,0.00
7/5/2019,25965.09,26276.9,26276.9,25789.71,33496000000,-0.02
6/5/2019,26438.48,26160.62,26476.27,26033.95,28302000000,0.00
3/5/2019,26504.95,26379.14,26534.96,26370.09,24890000000,0.01
2/5/2019,26307.79,26407.15,26454.69,26180.36,28761000000,0.00
1/5/2019,26430.14,26639.06,26689.39,26426.38,30385000000,-0.01
30/04/2019,26592.91,26594.56,26614.04,26419.47,34032000000,0.00
29/04/2019,26554.39,26559.87,26602.54,26520.75,27945000000,0.00
26/04/2019,26543.33,26454.62,26543.56,26392.55,31729000000,0.00
25/04/2019,26462.08,26426.37,26536.48,26310.28,29673000000,-0.01
24/04/2019,26597.05,26652.56,26680.58,26582.86,28337000000,0.00
23/04/2019,26656.39,26513.83,26695.96,26503.56,31169000000,0.01
22/04/2019,26511.05,26510.77,26553.05,26458.61,23257000000,0.00
18/04/2019,26559.54,26463.37,26602.42,26444.53,33285000000,0.00
17/04/2019,26449.54,26468.53,26501.02,26391.86,36778000000,0.00
16/04/2019,26452.66,26482.19,26530.71,26397.19,30234000000,0.00
15/04/2019,26384.77,26407.76,26424.85,26316.42,25062000000,0.00
12/4/2019,26412.3,26357.79,26436.68,26309.72,36991000000,0.01
11/4/2019,26143.05,26188.21,26229.88,26062.59,21168000000,0.00
10/4/2019,26157.16,26173.71,26209.49,26101.24,20313000000,0.00
9/4/2019,26150.58,26243.54,26246.34,26103.14,24441000000,-0.01
8/4/2019,26341.02,26312.67,26344.65,26246.03,22938000000,0.00
5/4/2019,26424.99,26427.56,26487.57,26370.82,22955000000,0.00
4/4/2019,26384.63,26213.42,26398.9,26212.78,23304000000,0.01
3/4/2019,26218.13,26238.03,26282.17,26138.47,27198000000,0.00
2/4/2019,26179.13,26213.55,26221.24,26122.31,25094000000,0.00
1/4/2019,26258.42,26075.1,26280.9,26071.69,29557000000,0.01
29/03/2019,25928.68,25827.31,25949.32,25771.67,30062000000,0.01
28/03/2019,25717.46,25693.32,25743.41,25576.69,23717000000,0.00
27/03/2019,25625.59,25676.34,25758.17,25425.27,27034000000,0.00
26/03/2019,25657.73,25649.56,25796.29,25544.78,30511000000,0.01
25/03/2019,25516.83,25490.72,25603.27,25372.26,30312000000,0.00
22/03/2019,25502.32,25844.65,25877.01,25501.45,38651000000,-0.02
21/03/2019,25962.51,25688.44,26009.9,25657.78,33525000000,0.01
20/03/2019,25745.67,25867.79,25929.52,25670.63,32198000000,-0.01
19/03/2019,25887.38,25987.87,26109.68,25814.92,34225000000,0.00
18/03/2019,25914.1,25801.88,25924.77,25785.66,30317000000,0.00
15/03/2019,25848.87,25720.96,25927.91,25649.7,61691000000,0.01
14/03/2019,25709.94,25692.31,25752.84,25621.31,30279000000,0.00
13/03/2019,25702.89,25637.23,25776.49,25571.31,33141000000,0.01
12/3/2019,25554.66,25600.3,25675.44,25522.17,31252000000,0.00
11/3/2019,25650.88,25208,25661.63,25208,30979000000,0.01
8/3/2019,25450.24,25347.38,25466.14,25252.46,27050000000,0.00
7/3/2019,25473.23,25645.45,25645.45,25352.55,28914000000,-0.01
6/3/2019,25673.46,25818.76,25837.61,25633.71,25625000000,-0.01
5/3/2019,25806.63,25829.07,25877.15,25725.63,25226000000,0.00
4/3/2019,25819.65,26122.19,26155.98,25611.55,29551000000,-0.01
1/3/2019,26026.32,26019.67,26143.92,25914.37,28989000000,0.00
28/02/2019,25916,25984.28,26029.21,25896.56,33852000000,0.00
27/02/2019,25985.16,25995.6,26039.68,25877.24,25538000000,0.00
26/02/2019,26057.98,26051.61,26155.29,25966.01,25785000000,0.00
25/02/2019,26091.95,26126.15,26241.42,26080.66,28160000000,0.00
22/02/2019,26031.81,25906.27,26052.9,25906.27,27976000000,0.01
21/02/2019,25850.63,25922.41,25938.88,25762.21,25571000000,0.00
20/02/2019,25954.44,25872.26,25986.2,25846.48,28788000000,0.00
19/02/2019,25891.32,25849.85,25961.44,25820.01,28062000000,0.00
15/02/2019,25883.25,25564.63,25883.72,25564.63,32853000000,0.02
14/02/2019,25439.39,25460.65,25558.9,25308.09,31301000000,0.00
13/02/2019,25543.27,25480.86,25625.95,25480.86,26333000000,0.00
12/2/2019,25425.76,25152.03,25458.98,25152.03,27811000000,0.01
11/2/2019,25053.11,25142.81,25196.75,25009.1,24170000000,0.00
8/2/2019,25106.33,25042.36,25106.39,24883.04,24821000000,0.00
7/2/2019,25169.53,25265.81,25314.26,25000.52,29546000000,-0.01
6/2/2019,25390.3,25371.57,25439.04,25312.06,24759000000,0.00
5/2/2019,25411.52,25287.93,25427.32,25287.65,31065000000,0.01
4/2/2019,25239.37,25062.12,25239.91,24977.67,29854000000,0.01
1/2/2019,25063.89,25025.31,25193.15,24982.49,37209000000,0.00
31/01/2019,24999.67,24954.48,25049.62,24842.09,50735000000,0.00
30/01/2019,25014.86,24826.52,25109.62,24790.9,39733000000,0.02
29/01/2019,24579.96,24519.62,24674.87,24504.04,33087000000,0.00
28/01/2019,24528.22,24596.98,24596.98,24323.94,34717000000,-0.01
25/01/2019,24737.2,24687.21,24860.15,24676.75,37689000000,0.01
24/01/2019,24553.24,24579.96,24626.3,24422.73,32017000000,0.00
23/01/2019,24575.62,24577.25,24700.98,24307.17,31860000000,0.01
22/01/2019,24404.48,24607.76,24607.76,24244.31,33848000000,-0.01
18/01/2019,24706.35,24534.19,24750.22,24459.03,37297000000,0.01
17/01/2019,24370.1,24147.09,24474.46,24088.9,28859000000,0.01
16/01/2019,24207.16,24139.91,24288.61,24119.72,30283000000,0.01
15/01/2019,24065.59,23914.11,24099.14,23887.93,29157000000,0.01
14/01/2019,23909.84,23880.53,23964.9,23765.24,27756000000,0.00
11/1/2019,23995.95,23940.01,23996.32,23798.16,26265000000,0.00
10/1/2019,24001.92,23811.11,24014.78,23703.25,33815000000,0.01
9/1/2019,23879.12,23844.27,23985.45,23776.56,32457000000,0.00
8/1/2019,23787.45,23680.32,23864.65,23581.45,31742000000,0.01
7/1/2019,23531.35,23474.26,23687.74,23301.59,33420000000,0.00
4/1/2019,23433.16,22894.92,23518.64,22894.92,39602000000,0.03
3/1/2019,22686.22,23176.39,23176.39,22638.41,42424000000,-0.03
2/1/2019,23346.24,23058.61,23413.47,22928.59,32157000000,0.00
31/12/2018,23327.46,23153.94,23333.18,23118.3,28883000000,0.01
28/12/2018,23062.4,23213.61,23381.88,22981.33,33651000000,0.00
27/12/2018,23138.82,22629.06,23138.89,22267.42,40794000000,0.01
26/12/2018,22878.45,21857.73,22878.92,21712.53,43308000000,0.05
24/12/2018,21792.2,22317.28,22339.87,21792.2,30842000000,-0.03
21/12/2018,22445.37,22871.74,23254.59,22396.34,90051000000,-0.02
20/12/2018,22859.6,23224.12,23282.2,22644.31,57670000000,-0.02
19/12/2018,23323.66,23693.33,24057.34,23162.64,50355000000,-0.01
18/12/2018,23675.64,23769.13,23927.77,23516.02,40807000000,0.00
17/12/2018,23592.98,23986.83,24088.08,23456.88,46674000000,-0.02
14/12/2018,24100.51,24408.04,24431.14,24033.79,41694000000,-0.02
13/12/2018,24597.38,24575.86,24740.96,24473.29,29997000000,0.00
12/12/2018,24527.27,24509.09,24828.29,24509.09,34433000000,0.01
11/12/2018,24370.24,24719.91,24791.26,24221.06,34296000000,0.00
10/12/2018,24423.26,24360.95,24500.81,23881.37,38969000000,0.00
7/12/2018,24388.95,24918.82,25095.62,24284.78,39823000000,-0.02
6/12/2018,24947.67,24737.42,24951.01,24242.22,47169000000,0.00
4/12/2018,25027.07,25752.56,25773.12,25008.11,41890000000,-0.03
3/12/2018,25826.43,25779.57,25980.21,25670.51,38848000000,0.01
30/11/2018,25538.46,25307.14,25549.71,25250.97,48225000000,0.01
29/11/2018,25338.84,25343.65,25479.04,25202.79,30511000000,0.00
28/11/2018,25366.43,24832.84,25368.93,24832.84,36216000000,0.03
27/11/2018,24748.73,24557.02,24750.73,24416.03,30825000000,0.00
26/11/2018,24640.24,24364.13,24673.29,24364.13,30628000000,0.01
23/11/2018,24285.95,24336.4,24408.8,24268.74,15594000000,-0.01
21/11/2018,24464.69,24541.65,24669.79,24463.28,28937000000,0.00
20/11/2018,24465.64,24618.68,24707.26,24368.98,44592000000,-0.02
19/11/2018,25017.44,25392.61,25392.61,24900.98,35809000000,-0.02
16/11/2018,25413.22,25242.35,25510.23,25147.8,35446000000,0.00
15/11/2018,25289.27,25061.48,25354.56,24787.79,39275000000,0.01
14/11/2018,25080.5,25388.08,25501.29,24935.82,38424000000,-0.01
13/11/2018,25286.49,25321.21,25511.03,25193.78,33969000000,0.00
12/11/2018,25387.18,25959.33,25966.71,25340.51,34691000000,-0.02
9/11/2018,25989.3,26149.11,26161.49,25882.91,32445000000,-0.01
8/11/2018,26191.22,26139.59,26277.82,26081.9,29565000000,0.00
7/11/2018,26180.3,25788.46,26200.14,25765.88,36178000000,0.02
6/11/2018,25635.01,25452.83,25651.86,25444.9,26545000000,0.01
5/11/2018,25461.7,25261.47,25507.35,25261.47,33474000000,0.01
2/11/2018,25270.83,25443.6,25578.98,25078.72,42948000000,0.00
1/11/2018,25380.74,25142.08,25396.47,25108.11,38397000000,0.01
31/10/2018,25115.76,25008.82,25336.55,25008.82,44893000000,0.01
30/10/2018,24874.64,24482.04,24906.68,24415.69,47005000000,0.02
29/10/2018,24442.92,24818.98,25040.58,24122.23,44385000000,-0.01
26/10/2018,24688.31,24770.25,24916.16,24445.19,50531000000,-0.01
25/10/2018,24984.55,24736.54,25104.29,24645.56,43967000000,0.02
24/10/2018,24583.42,25172.88,25306.23,24533.19,49640000000,-0.02
23/10/2018,25191.43,25038.46,25307.7,24768.79,43643000000,-0.01
22/10/2018,25317.41,25492.14,25561.34,25236.05,31494000000,-0.01
19/10/2018,25444.34,25421.09,25608.71,25350.02,35081000000,0.00
18/10/2018,25379.45,25645.56,25691.46,25236.01,32802000000,-0.01
17/10/2018,25706.68,25705.87,25810.09,25479.16,29821000000,0.00
16/10/2018,25798.42,25351.53,25817.68,25351.53,30580000000,0.02
15/10/2018,25250.55,25332.46,25482.42,25243.88,28732000000,0.00
12/10/2018,25339.99,25407.63,25467.55,25000.83,39751000000,0.01
11/10/2018,25052.83,25518.39,25683.64,24899.77,52288000000,-0.02
10/10/2018,25598.74,26441.73,26441.73,25593.65,43820000000,-0.03
9/10/2018,26430.57,26469.19,26539.94,26324.16,28256000000,0.00
8/10/2018,26486.78,26399.45,26529.35,26223.09,27302000000,0.00
5/10/2018,26447.05,26632.77,26676.16,26301.81,26710000000,-0.01
4/10/2018,26627.48,26784.08,26793.82,26471.61,28960000000,-0.01
3/10/2018,26828.39,26833.47,26951.81,26789.08,28013000000,0.00
2/10/2018,26773.94,26648.91,26824.78,26627.66,25829000000,0.00
1/10/2018,26651.21,26598.36,26737.98,26596.05,23832000000,0.01
28/09/2018,26458.31,26407.66,26515.76,26383.57,26403000000,0.00
27/09/2018,26439.93,26418.27,26557.01,26379.95,22635000000,0.00
26/09/2018,26385.28,26536.86,26606.09,26349.34,26262000000,0.00
25/09/2018,26492.21,26601.58,26634.85,26475.58,23411000000,0.00
24/09/2018,26562.05,26705.25,26709.94,26548.68,25485000000,-0.01
21/09/2018,26743.5,26726.25,26769.16,26680.37,65762000000,0.00
20/09/2018,26656.98,26519.39,26697.49,26519.39,26048000000,0.01
19/09/2018,26405.76,26287.84,26464.41,26280.76,25133000000,0.01
18/09/2018,26246.96,26076.21,26317.34,26076.21,24300000000,0.01
17/09/2018,26062.12,26151.66,26184.47,26030.35,23023000000,0.00
14/09/2018,26154.67,26169.56,26211.11,26068.29,22864000000,0.00
13/09/2018,26145.99,26083.94,26191.64,26067.08,26080000000,0.01
12/9/2018,25998.92,25989.07,26145.72,25929.43,28277000000,0.00
11/9/2018,25971.06,25841.14,26019.92,25754.32,26596000000,0.00
10/9/2018,25857.07,25991.91,26039.96,25854.13,25217000000,0.00
7/9/2018,25916.54,25951.02,26002.99,25818.39,28135000000,0.00
6/9/2018,25995.87,25973.02,26073.68,25880.84,26238000000,0.00
5/9/2018,25974.99,25919.84,26011.22,25871.04,28921000000,0.00
4/9/2018,25952.48,25916.07,25971.77,25805.95,25460000000,0.00
31/08/2018,25964.82,25964.85,26028.83,25879.77,27344000000,0.00
30/08/2018,25986.92,26099.01,26104.37,25934.8,24044000000,-0.01
29/08/2018,26124.57,26082.53,26167.94,26035.3,21496000000,0.00
28/08/2018,26064.02,26092.7,26122.24,26037.85,21147000000,0.00
27/08/2018,26049.64,25882.71,26067.57,25882.71,22051000000,0.01
24/08/2018,25790.35,25688.58,25826.05,25688.58,20033000000,0.01
23/08/2018,25656.98,25714.86,25762.56,25608.02,21327000000,0.00
22/08/2018,25733.6,25825.06,25836.16,25722.43,20048000000,0.00
21/08/2018,25822.29,25786.99,25888.82,25784.9,24162000000,0.00
20/08/2018,25758.69,25727.7,25790.17,25716.41,24857000000,0.00
17/08/2018,25669.32,25550.8,25728.16,25521.66,28416000000,0.00
16/08/2018,25558.73,25294.97,25607.34,25294.97,34243000000,0.02
15/08/2018,25162.41,25235.37,25235.37,24965.77,29581000000,-0.01
14/08/2018,25299.92,25215.69,25339.51,25201.87,21921000000,0.00
13/08/2018,25187.7,25327.19,25381.39,25153.93,21999000000,-0.01
10/8/2018,25313.14,25401.19,25401.19,25222.88,23448000000,-0.01
9/8/2018,25509.23,25589.79,25613.31,25492.69,21497000000,0.00
8/8/2018,25583.75,25615.72,25634.11,25557.48,21777000000,0.00
7/8/2018,25628.91,25551.65,25692.72,25551.65,23991000000,0.01
6/8/2018,25502.18,25437.43,25540.02,25381.38,23899000000,0.00
3/8/2018,25462.58,25360.37,25467.9,25325.17,23902000000,0.01
2/8/2018,25326.16,25256.45,25360.48,25120.07,30770000000,0.00
1/8/2018,25333.82,25461.63,25488.8,25278.32,31588000000,0.00
31/07/2018,25415.19,25345.21,25490.98,25345.21,34870000000,0.00
30/07/2018,25306.83,25439.32,25500.16,25287.38,29688000000,-0.01
27/07/2018,25451.06,25520.52,25580.22,25370.07,32968000000,0.00
26/07/2018,25527.07,25468.55,25587.24,25463.16,29753000000,0.00
25/07/2018,25414.1,25183.7,25432.87,25113.55,27367000000,0.01
24/07/2018,25241.94,25092.43,25286.62,25092.43,27494000000,0.01
23/07/2018,25044.29,25036.9,25081.45,24983.33,22882000000,0.00
20/07/2018,25058.12,25041.14,25124.1,24986.35,27408000000,0.00
19/07/2018,25064.5,25139.15,25154.17,25052.62,28576000000,-0.01
18/07/2018,25199.29,25133.79,25215.32,25101.12,25287000000,0.00
17/07/2018,25119.89,25033.92,25155.39,24989.61,25045000000,0.00
16/07/2018,25064.36,25025.58,25072.41,24979.64,23127000000,0.00
13/07/2018,25019.41,24926.07,25043.21,24890.06,25552000000,0.00
12/7/2018,24924.89,24802.9,24939.97,24802.9,23315000000,0.01
11/7/2018,24700.45,24789.48,24815.16,24663.82,23737000000,-0.01
10/7/2018,24919.66,24806.97,24945.38,24806.97,23504000000,0.01
9/7/2018,24776.59,24519.2,24796.52,24518.43,24058000000,0.01
6/7/2018,24456.48,24352.47,24520.29,24281.47,21945000000,0.00
5/7/2018,24356.74,24285.82,24372.8,24177.44,23767000000,0.01
3/7/2018,24174.82,24359.39,24444.88,24150.85,16096000000,-0.01
2/7/2018,24307.18,24161.53,24319.42,24077.56,24411000000,0.00
29/06/2018,24271.41,24323.93,24509.52,24269.71,32907000000,0.00
28/06/2018,24216.05,24064.19,24308.16,23997.21,30502000000,0.00
27/06/2018,24117.59,24303.11,24569.02,24115.82,31379000000,-0.01
26/06/2018,24283.11,24281.89,24384.21,24241.22,30113000000,0.00
25/06/2018,24252.8,24463.73,24463.73,24084.39,43913000000,-0.01
22/06/2018,24580.89,24526.97,24663.18,24526.97,47397000000,0.00
21/06/2018,24461.7,24639.21,24639.21,24406.63,34957000000,-0.01
20/06/2018,24657.8,24771.17,24804.76,24628.39,35952000000,0.00
19/06/2018,24700.21,24763.59,24763.59,24567.75,37638000000,-0.01
18/06/2018,24987.47,24944.28,25003.1,24825.77,33707000000,0.00
15/06/2018,25090.48,25116.71,25130.82,24894.38,65937000000,0.00
14/06/2018,25175.31,25254.65,25332.5,25138.6,34117000000,0.00
13/06/2018,25201.2,25328.65,25362.07,25191.42,32970000000,0.00
12/6/2018,25320.73,25346.82,25364.37,25247.04,26575000000,0.00
11/6/2018,25322.31,25336.67,25402.83,25290.2,27674000000,0.00
8/6/2018,25316.53,25209.29,25325.63,25165.7,31751000000,0.00
7/6/2018,25241.41,25192.14,25326.09,25164.48,35768000000,0.00
6/6/2018,25146.39,24854.14,25146.46,24854.14,31609000000,0.01
5/6/2018,24799.98,24820.12,24838.78,24710.82,30634000000,0.00
4/6/2018,24813.69,24727.55,24859.37,24722.14,34040000000,0.01
1/6/2018,24635.21,24542.09,24673.6,24542.09,31571000000,0.01
31/05/2018,24415.84,24620.79,24620.79,24352.15,42974000000,-0.01
30/05/2018,24667.78,24467.83,24714.48,24459.09,32487000000,0.01
29/05/2018,24361.45,24606.59,24635.18,24247.84,39581000000,-0.02
25/05/2018,24753.09,24781.29,24824.22,24687.81,25721000000,0.00
24/05/2018,24811.76,24877.36,24877.36,24605.9,34705000000,0.00
23/05/2018,24886.81,24757.71,24889.46,24667.12,39961000000,0.00
22/05/2018,24834.41,25047.55,25064.99,24812.06,28820000000,-0.01
21/05/2018,25013.29,24883.06,25086.49,24883.06,30892000000,0.01
18/05/2018,24715.09,24707.72,24774.97,24664.87,26970000000,0.00
17/05/2018,24713.98,24752.4,24839.49,24639.4,31465000000,0.00
16/05/2018,24768.93,24722.32,24801.19,24672.79,28081000000,0.00
15/05/2018,24706.41,24809.55,24809.55,24629.39,30190000000,-0.01
14/05/2018,24899.41,24879.37,24994.19,24862.52,28286000000,0.00
11/5/2018,24831.17,24758.64,24868.65,24717.5,27415000000,0.00
10/5/2018,24739.53,24591.66,24794.99,24575.91,30421000000,0.01
9/5/2018,24542.54,24399.18,24586.48,24323.87,36158000000,0.01
8/5/2018,24360.21,24341.35,24412.34,24198.34,34494000000,0.00
7/5/2018,24357.32,24317.66,24479.45,24263.42,30767000000,0.00
4/5/2018,24262.51,23865.22,24333.35,23778.87,32948000000,0.01
3/5/2018,23930.15,23836.23,23996.15,23531.31,38924000000,0.00
2/5/2018,23924.98,24097.63,24185.52,23886.3,38535000000,-0.01
1/5/2018,24099.05,24117.29,24117.29,23808.19,38007000000,0.00
30/04/2018,24163.15,24410.41,24498.23,24163.08,41665000000,-0.01
27/04/2018,24311.19,24342.14,24359.38,24194.45,39281000000,0.00
